City_ID,City,Lat,Lng,Max Temp,Humidity,Cloudiness,Wind Speed,Country,Date
0,kargopol',61.5071,38.9456,10.75,83,6,2.01,RU,1725842222
1,mao,39.8885,4.2658,22.31,83,20,6.17,ES,1725842223
2,ulaangom,49.9811,92.0667,10.44,57,22,1.57,MN,1725842226
3,grytviken,-54.2811,-36.5092,0.61,89,85,2.91,GS,1725842227
4,port-aux-francais,-49.35,70.2167,3.4,87,97,11.35,TF,1725842228
5,nova vicosa,-17.8919,-39.3719,22.38,81,1,3.29,BR,1725842229
6,axim,4.8699,-2.2405,23.76,85,78,2.98,GH,1725842230
7,alofi,-19.0595,-169.9187,25.94,78,40,4.63,NU,1725842231
8,fang,19.9169,99.2145,22.76,100,100,0.99,TH,1725842233
9,troitsko-pechorsk,62.7084,56.1964,6.24,88,7,0.81,RU,1725842234
10,aasiaat,68.7098,-52.8699,1.24,81,67,2.01,GL,1725842235
11,waitangi,-43.9535,-176.5597,13.23,83,100,4.92,NZ,1725842236
12,tiksi,71.6872,128.8694,7.77,76,100,5.65,RU,1725842237
13,purificacion,3.8587,-74.9313,29.55,39,60,2.31,CO,1725842238
14,edinburgh of the seven seas,-37.0676,-12.3116,12.73,75,100,7.68,SH,1725842239
15,blackmans bay,-43.0167,147.3167,12.63,58,100,0.45,AU,1725842241
16,avarua,-21.2078,-159.775,25.03,78,20,5.14,CK,1725842242
17,constantia,44.1833,28.65,16.5,56,0,2.9,RO,1725842243
18,akureyri,65.6835,-18.0878,3.96,75,100,2.57,IS,1725842244
19,invercargill,-46.4,168.35,13.34,69,100,5.36,NZ,1725842245
20,edwards,39.645,-106.5942,23.57,26,100,1.34,US,1725841946
21,iqaluit,63.7506,-68.5145,4.85,75,20,1.54,CA,1725842247
22,jamestown,42.097,-79.2353,12.8,76,40,3.09,US,1725842249
23,margaret river,-33.95,115.0667,14.21,67,100,0.89,AU,1725842250
24,st. john's,47.5649,-52.7093,18.97,96,75,4.63,CA,1725842189
25,hamilton,39.1834,-84.5333,17.23,51,0,0.89,US,1725842061
26,punta arenas,-53.15,-70.9167,1.06,93,40,8.75,CL,1725842063
27,sussex,41.1834,-74.6663,12.23,83,0,0.0,US,1725842050
28,adamstown,-25.066,-130.1015,19.33,84,100,12.56,PN,1725842255
29,port elizabeth,-33.918,25.5701,11.29,78,20,3.6,ZA,1725842173
30,ust-nera,64.5667,143.2,9.33,75,100,1.99,RU,1725842258
31,bethel,41.3712,-73.414,14.47,75,0,2.06,US,1725842050
32,katabu,-4.9333,122.5167,30.11,52,5,3.64,ID,1725842260
33,rockland,41.1668,-74.0496,15.82,78,0,2.1,US,1725842261
34,nova sintra,14.8667,-24.7167,26.72,79,65,6.45,CV,1725842262
35,papatowai,-46.5619,169.4708,12.32,63,100,3.92,NZ,1725842263
36,uturoa,-16.7333,-151.4333,24.98,75,35,8.25,PF,1725842265
37,albany,42.6001,-73.9662,13.23,68,0,3.27,US,1725842266
38,college,64.8569,-147.8028,12.26,82,100,2.06,US,1725842267
39,stanley,54.868,-1.6985,12.38,97,100,5.66,GB,1725842268
40,bredasdorp,-34.5322,20.0403,8.34,84,75,1.43,ZA,1725842269
41,enewetak,11.3474,162.3373,29.07,76,16,7.34,MH,1725842270
42,whitehorse,60.7161,-135.0538,12.28,79,40,0.89,CA,1725842272
43,keflavik,64.0049,-22.5624,4.24,70,20,8.75,IS,1725842273
44,ancud,-41.8697,-73.8203,8.74,88,98,4.83,CL,1725842274
45,haiku-pauwela,20.9219,-156.3051,29.01,66,20,8.75,US,1725842275
46,namdrik,5.5994,168.1028,28.74,76,59,6.52,MH,1725842276
47,rio claro,-22.4114,-47.5614,25.93,27,8,3.36,BR,1725842278
48,hermanus,-34.4187,19.2345,9.76,78,10,4.65,ZA,1725842281
49,utrik,11.2278,169.8474,28.41,79,15,7.58,MH,1725842282
50,ushuaia,-54.8,-68.3,1.81,69,75,8.23,AR,1725842283
51,puerto natales,-51.7236,-72.4875,2.04,76,99,4.7,CL,1725842285
52,west island,-12.1568,96.8225,25.99,78,40,7.72,CC,1725842287
53,klyuchi,52.2667,79.1667,11.8,85,100,2.68,RU,1725842288
54,el bayadh,33.6832,1.0193,19.3,83,77,2.45,DZ,1725842289
55,udachny,66.4167,112.4,8.49,64,67,5.58,RU,1725842092
56,port mathurin,-19.6833,63.4167,21.99,80,7,8.1,MU,1725842291
57,howard springs,-12.497,131.047,29.37,68,34,5.47,AU,1725842292
58,onokhoy,51.932,108.0747,8.74,87,100,6.18,RU,1725842293
59,queenstown,-31.8976,26.8753,5.52,76,100,3.34,ZA,1725842295
60,mbandjok,4.45,11.9,21.11,99,100,1.43,CM,1725842296
61,opuwo,-18.0607,13.84,16.93,33,0,1.93,NA,1725842297
62,lebu,-37.6167,-73.65,8.1,90,94,2.66,CL,1725842298
63,perevolotskiy,51.8763,54.1938,14.79,80,83,0.67,RU,1725842299
64,port macquarie,-31.4333,152.9167,20.6,43,69,0.89,AU,1725842300
65,carnarvon,-24.8667,113.6333,21.29,48,0,4.15,AU,1725842301
66,san antonio de pale,-1.4014,5.6325,24.07,85,100,5.79,GQ,1725842303
67,karatau,43.1667,70.4667,13.26,40,100,2.82,KZ,1725842304
68,qaqortoq,60.7167,-46.0333,5.62,70,100,2.02,GL,1725842305
69,petropavlovsk-kamchatsky,53.0452,158.6483,13.33,44,75,7.0,RU,1725842306
70,yuzha,56.5831,42.0122,12.85,73,3,1.27,RU,1725842307
71,boali,4.8005,18.1275,22.17,93,100,0.96,CF,1725842308
72,lompoc,34.6391,-120.4579,20.23,77,0,5.14,US,1725842310
73,kyzylorda,44.8528,65.5092,7.01,93,40,3.0,KZ,1725842312
74,fale old settlement,-9.3852,-171.2468,28.33,70,0,6.59,TK,1725842313
75,westerland,54.9079,8.3033,17.01,94,75,0.0,DE,1725842045
76,divnogorsk,55.9594,92.3619,10.27,96,100,4.58,RU,1725842315
77,val-d'or,48.1002,-77.7828,7.05,93,100,5.14,CA,1725842177
78,ghanzi,-21.5667,21.7833,17.22,23,0,1.25,BW,1725842318
79,mana,5.6592,-53.7767,26.97,80,3,6.59,GF,1725842319
80,bilibino,68.0546,166.4372,4.9,77,100,1.69,RU,1725842320
81,ikalamavony,-21.15,46.5833,19.01,56,85,1.56,MG,1725842321
82,susuman,62.7833,148.1667,8.13,66,66,0.12,RU,1725842322
83,humaita,-7.5061,-63.0208,28.49,23,4,1.29,BR,1725842323
84,yershov,51.3513,48.2766,19.24,55,89,3.42,RU,1725842324
85,tromso,69.6496,18.957,12.01,87,40,1.03,NO,1725842135
86,naze,28.3667,129.4833,26.51,90,100,8.63,JP,1725842327
87,oriximina,-1.7656,-55.8661,29.32,40,33,1.46,BR,1725842328
88,la passe,45.5549,-0.8967,18.6,85,100,6.8,FR,1725842329
89,wiener neustadt,47.8,16.25,23.38,70,100,4.47,AT,1725842190
90,tazovsky,67.4667,78.7,1.26,74,100,11.48,RU,1725842240
91,saipan,15.1355,145.701,28.39,78,75,3.6,MP,1725842332
92,punta cardon,11.6581,-70.215,29.55,76,96,10.74,VE,1725842334
93,vadso,70.0744,29.7487,16.09,82,100,2.57,NO,1725842335
94,borkum,53.5809,6.6915,17.74,73,100,3.64,DE,1725842336
95,istgah-e rah ahan-e garmsar,35.2346,52.3094,26.09,34,0,1.63,IR,1725842337
96,natal,-5.795,-35.2094,25.36,83,40,4.63,BR,1725842338
97,lata,40.1629,-8.3327,12.47,99,51,0.81,PT,1725842339
98,hithadhoo,-0.6,73.0833,27.94,74,63,3.63,MV,1725842340
99,chos malal,-37.3781,-70.2709,12.9,28,99,1.4,AR,1725842342
100,hawaiian paradise park,19.5933,-154.9731,29.29,65,0,3.6,US,1725842343
101,yellowknife,62.456,-114.3525,19.29,52,75,3.6,CA,1725842344
102,saint-pierre,-21.3393,55.4781,20.82,64,100,2.57,RE,1725842345
103,bafoulabe,13.8065,-10.8321,22.84,97,100,0.43,ML,1725842346
104,viedma,-40.8135,-62.9967,11.86,37,20,2.68,AR,1725842245
105,ulladulla,-35.35,150.4667,20.5,39,0,4.24,AU,1725842350
106,atafu village,-8.5421,-172.5159,28.3,76,16,7.11,TK,1725842352
107,rikaze,29.25,88.8833,13.38,53,100,1.55,CN,1725842353
108,carutapera,-1.195,-46.02,26.12,77,5,5.24,BR,1725842354
109,khagrachhari,23.1,91.9667,25.67,95,69,0.82,BD,1725842355
110,olonkinbyen,70.9221,-8.7187,3.73,90,95,8.51,SJ,1725842357
111,emerald,-23.5333,148.1667,25.19,51,0,2.37,AU,1725842358
112,dhuusamarreeb,5.535,46.3861,24.63,69,100,7.72,SO,1725842359
113,gebeit,21.0667,36.3167,28.6,42,0,2.77,SD,1725842361
114,ariquemes,-9.9133,-63.0408,28.36,27,16,0.52,BR,1725842362
115,ulety,51.3572,112.4849,7.46,92,100,7.69,RU,1725842364
116,salekhard,66.53,66.6019,4.78,69,100,6.07,RU,1725842187
117,essaouira,31.5125,-9.77,22.72,78,20,3.09,MA,1725842366
118,burang,30.25,81.1667,6.95,79,48,1.38,CN,1725842367
119,east london,-33.0153,27.9116,13.68,69,96,6.52,ZA,1725842116
120,luderitz,-26.6481,15.1594,10.51,77,0,8.16,NA,1725842369
121,tangalle,6.024,80.7911,25.85,87,100,5.58,LK,1725842370
122,ruiz,21.95,-105.15,28.45,88,36,2.09,MX,1725842372
123,tosontsengel,48.7567,98.2839,2.28,68,8,1.69,MN,1725842373
124,talnakh,69.4865,88.3972,0.48,98,100,7.34,RU,1725842375
125,newman,37.3138,-121.0208,38.92,23,0,1.79,US,1725842376
126,auki,-8.7676,160.7034,26.32,85,100,2.67,SB,1725842377
127,wailua homesteads,22.0669,-159.378,28.96,66,40,4.63,US,1725842379
128,bhadrakh,21.0528,86.52,27.57,87,100,5.57,IN,1725842380
129,codrington,-38.2667,141.9667,12.21,74,100,5.83,AU,1725842381
130,las lajitas,-24.6833,-64.25,21.42,43,100,2.36,AR,1725842382
131,puerto lempira,15.2667,-83.7667,30.08,66,20,0.0,HN,1725842106
132,basco,20.4487,121.9702,27.94,80,100,3.21,PH,1725842384
133,shimoda,34.6667,138.95,28.67,72,4,4.28,JP,1725842385
134,keelung,25.1283,121.7419,32.78,69,16,3.64,TW,1725842387
135,watseka,40.7762,-87.7364,15.54,71,6,2.58,US,1725842388
136,charters towers,-20.1,146.2667,26.08,42,0,4.3,AU,1725842389
137,georgetown,5.4112,100.3354,25.96,86,20,1.54,MY,1725842332
138,dali,25.7,100.1833,18.47,88,100,1.44,CN,1725842391
139,fada,7.25,4.0667,21.5,98,18,0.99,NG,1725842392
140,demre,36.2537,29.9777,23.62,64,0,1.18,TR,1725842393
141,tara,56.8944,74.371,10.99,97,80,2.01,RU,1725842395
142,tibati,6.4667,12.6333,19.54,98,100,1.82,CM,1725842396
143,puerto ayora,-0.7393,-90.3518,20.86,97,100,3.58,EC,1725842398
144,longyearbyen,78.2186,15.6401,0.91,80,20,4.12,SJ,1725842399
145,vilani,56.5525,26.9245,12.58,70,0,3.58,LV,1725842400
146,pisco,-13.7,-76.2167,18.03,77,97,4.12,PE,1725842402
147,an nuhud,12.7,28.4333,26.74,66,91,2.66,SD,1725842403
148,borovskoy,53.8,64.15,13.33,95,0,3.31,KZ,1725842404
149,pelabuhanratu,-6.9875,106.5514,27.61,77,18,2.14,ID,1725842405
150,saint-paul,-21.0096,55.2707,21.05,91,13,0.85,RE,1725842406
151,westport,41.1415,-73.3579,17.17,68,0,1.34,US,1725842181
152,dno,57.8277,29.9637,12.19,77,85,2.2,RU,1725842408
153,ribeira grande,38.5167,-28.7,22.1,84,64,4.92,PT,1725842410
154,fort bragg,35.139,-79.006,21.85,68,100,0.0,US,1725842411
155,leava,-14.3,-178.1667,25.57,77,93,6.32,WF,1725842412
156,nagqu,31.5,92.0,5.48,83,100,1.58,CN,1725842413
157,ciudad pemex,17.9,-92.5,24.21,89,100,5.69,MX,1725842414
158,ceeldheer,3.8488,47.1806,24.76,87,100,8.4,SO,1725842416
159,ilulissat,69.2167,-51.1,0.01,80,100,2.57,GL,1725842418
160,inhambane,-23.865,35.3833,21.64,78,0,4.04,MZ,1725842419
161,constitucion,-35.3333,-72.4167,9.97,81,79,3.63,CL,1725842420
162,bakanas,44.8081,76.2772,14.76,42,100,4.38,KZ,1725842421
163,timmins,48.4669,-81.3331,11.9,47,40,2.06,CA,1725842161
164,taksimo,56.3444,114.8794,9.42,81,100,2.08,RU,1725842423
165,kingston,17.997,-76.7936,30.53,74,20,7.72,JM,1725842085
166,strezhevoy,60.7333,77.5889,3.74,89,100,4.57,RU,1725842426
167,suva,-18.1416,178.4415,25.71,73,75,3.09,FJ,1725842427
168,ribeira brava,32.65,-17.0667,22.23,84,26,1.43,PT,1725842428
169,muang phonsavan,19.45,103.2167,19.87,100,100,0.74,LA,1725842429
170,zyrya,40.3661,50.2917,18.05,69,6,5.89,AZ,1725842430
171,kayangel,8.0823,134.7173,28.99,75,35,3.57,PW,1725842431
172,suez,29.9737,32.5263,25.23,76,63,4.38,EG,1725842433
173,kavieng,-2.5744,150.7967,28.27,76,100,6.56,PG,1725842434
174,mendoza,-32.8908,-68.8272,16.74,39,0,1.03,AR,1725842208
175,callao,-12.0667,-77.15,19.29,88,75,4.63,PE,1725842316
176,okha,53.5739,142.9478,13.5,62,0,7.2,RU,1725842437
177,le morne-rouge,14.7667,-61.1333,23.76,81,100,2.35,MQ,1725842438
178,altamira,-3.2033,-52.2064,28.93,43,100,0.76,BR,1725842439
179,beyneu,45.3167,55.2,18.13,41,6,4.44,KZ,1725842441
180,yinchuan,38.4681,106.2731,20.89,50,100,4.92,CN,1725842442
181,dudinka,69.4058,86.1778,-0.15,91,100,9.69,RU,1725842443
182,remire-montjoly,4.9167,-52.2667,27.02,83,0,1.54,GF,1725842444
183,colonia,50.9333,6.95,15.07,83,98,2.31,DE,1725842350
184,at taraf,25.3628,49.725,28.3,54,0,1.69,SA,1725842446
185,shortandy,51.7006,70.9994,9.98,84,94,2.83,KZ,1725842447
186,ivins,37.1686,-113.6794,36.75,17,0,4.02,US,1725841958
187,gidam,18.9833,81.4,22.85,99,100,2.17,IN,1725842450
188,curuzu cuatia,-29.7917,-58.0546,19.42,94,100,5.51,AR,1725842358
189,arraial do cabo,-22.9661,-42.0278,21.73,91,0,9.79,BR,1725842430
190,san patricio,28.017,-97.5169,28.97,57,100,3.52,US,1725842453
191,isafjordur,66.0755,-23.124,1.52,77,99,8.87,IS,1725842454
192,lock haven,41.137,-77.4469,12.92,70,0,1.36,US,1725842160
193,malango,-2.9627,119.9001,24.76,76,94,1.13,ID,1725842457
194,thompson,55.7435,-97.8558,23.09,53,40,3.09,CA,1725842458
195,king city,36.2127,-121.126,35.53,15,0,5.04,US,1725842459
196,banda aceh,5.5577,95.3222,25.63,84,100,5.07,ID,1725842460
197,cidade velha,14.9167,-23.6167,27.26,74,75,5.14,CV,1725842461
198,alice springs,-23.7,133.8833,19.75,32,100,8.23,AU,1725842462
199,manggar,-2.8833,108.2667,27.28,81,100,3.49,ID,1725842226
200,bargaal,11.2864,51.0773,28.16,65,46,5.06,SO,1725842465
201,lihue,21.9789,-159.3672,29.3,62,40,4.63,US,1725842466
202,nishinoomote,30.7333,131.0,26.31,100,75,3.6,JP,1725842467
203,vorgashor,67.5833,63.95,4.2,77,89,5.38,RU,1725842468
204,vila franca do campo,37.7167,-25.4333,21.23,99,18,2.73,PT,1725842469
205,qianzhou,28.3167,109.7167,26.8,84,3,1.16,CN,1725842470
206,zabol,32.25,67.25,18.33,16,0,2.23,AF,1725842471
207,micheweni,-4.9667,39.8333,24.0,84,26,4.13,TZ,1725842473
208,gannan,47.9147,123.5031,21.61,75,100,8.33,CN,1725842474
209,kodiak,57.79,-152.4072,12.73,82,100,1.54,US,1725842475
210,ta`u,-14.2336,-169.5144,26.36,83,55,6.18,AS,1725842476
211,yelan'-koleno,51.1523,41.2306,16.23,41,100,2.82,RU,1725842477
212,las heras,-46.5419,-68.9359,7.62,54,17,7.19,AR,1725842478
213,sitka,57.0531,-135.33,15.94,67,20,7.2,US,1725842480
214,new norfolk,-42.7826,147.0587,13.29,67,50,4.9,AU,1725842481
215,persianovka,47.5297,39.4183,18.57,34,100,6.32,RU,1725842482
216,resita,45.3008,21.8892,21.2,27,8,5.26,RO,1725842483
217,san matias,-16.3667,-58.4,30.06,15,0,1.97,BO,1725842484
218,yashkino,55.8736,85.4265,9.11,97,100,4.49,RU,1725842485
219,nazyvayevsk,55.5698,71.3529,11.38,97,38,2.55,RU,1725842487
220,inirida,3.8653,-67.9239,26.02,78,35,1.06,CO,1725842488
221,al bayda,32.7627,21.7551,20.57,86,97,2.84,LY,1725842489
222,anadyr,64.75,177.4833,11.28,81,40,3.0,RU,1725842490
223,nyala,12.05,24.8833,24.75,72,13,2.73,SD,1725842491
224,sciacca,37.5082,13.0881,24.81,88,100,4.83,IT,1725842492
225,oranjemund,-28.55,16.4333,10.05,76,0,4.85,NA,1725842494
226,ponta delgada,37.7333,-25.6667,21.4,83,20,3.09,PT,1725842495
227,thinadhoo,0.5333,72.9333,28.15,72,76,3.78,MV,1725842496
228,port alfred,-33.5906,26.891,11.21,87,75,0.89,ZA,1725842497
229,gadzhiyevo,69.2551,33.3362,12.82,90,72,5.37,RU,1725842498
230,belmont,37.5202,-122.2758,30.3,49,0,8.23,US,1725842499
231,ziway,7.9333,38.7167,17.62,84,99,2.46,ET,1725842500
232,nar'yan-mar,67.6713,53.087,7.07,75,100,5.05,RU,1725842502
233,alotau,-10.3069,150.4462,27.72,56,100,2.61,PG,1725842503
234,karachayevsk,43.774,41.9142,14.88,85,100,1.98,RU,1725842504
235,tura,25.5198,90.2201,25.74,92,11,2.31,IN,1725842505
236,siwa oasis,29.2041,25.5195,28.05,53,0,3.52,EG,1725842506
237,antofagasta,-23.65,-70.4,14.6,82,76,1.71,CL,1725841920
238,nuku'alofa,-21.1333,-175.2,25.19,83,75,6.69,TO,1725842508
239,holualoa,19.6228,-155.9522,25.86,74,39,0.89,US,1725842510
240,shitanjing,39.2342,106.3439,12.94,78,100,4.72,CN,1725842511
241,marysville,48.0518,-122.1771,25.16,70,0,3.6,US,1725842512
242,elazig,38.6743,39.2232,15.83,63,0,2.57,TR,1725842513
243,hasaki,35.7333,140.8333,27.27,79,10,2.92,JP,1725842514
244,fort frances,48.5999,-93.4003,22.12,60,0,3.09,CA,1725842515
245,arklow,52.7931,-6.1414,10.68,83,16,3.17,IE,1725842516
246,lucaya,26.5333,-78.6667,28.96,84,20,3.09,BS,1725842518
247,parnu,58.3859,24.4971,11.05,82,5,2.06,EE,1725842519
248,la ronge,55.1001,-105.2842,24.14,50,0,2.57,CA,1725842520
249,bubaque,11.2833,-15.8333,26.22,85,98,3.28,GW,1725842521
250,chonchi,-42.6128,-73.8092,5.08,95,51,1.48,CL,1725842522
251,hotan,37.0997,79.9269,20.76,36,100,2.82,CN,1725842523
252,kirakira,-10.4544,161.9205,28.71,66,11,7.58,SB,1725842525
253,mogocha,53.7333,119.7667,14.01,60,100,2.39,RU,1725842526
254,kiunga,-6.1219,141.2906,24.11,83,100,1.64,PG,1725842527
255,shubarshi,48.5872,57.1869,13.44,49,9,1.96,KZ,1725842528
256,weno,7.4515,151.8468,28.97,89,100,6.17,FM,1725842529
257,crane,31.3974,-102.3501,26.62,32,0,5.9,US,1725842530
258,port augusta,-32.5,137.7667,18.23,48,17,3.74,AU,1725842531
259,barreiro do jaiba,-15.6167,-43.6,25.07,34,0,3.36,BR,1725842533
260,bahia blanca,-38.7196,-62.2724,15.69,35,100,3.06,AR,1725842520
261,karwar,14.8,74.1333,25.83,88,100,4.36,IN,1725842535
262,spassk-dal'niy,44.5978,132.8211,24.33,70,5,1.87,RU,1725842536
263,dunedin,-45.8742,170.5036,12.67,64,100,3.58,NZ,1725842537
264,talakan,50.3167,130.3667,19.38,44,100,4.73,RU,1725842538
265,nemuro,43.3236,145.575,18.07,77,0,7.17,JP,1725842539
266,grand island,40.925,-98.342,25.97,52,0,3.6,US,1725842436
267,huarmey,-10.0681,-78.1522,17.43,85,27,3.92,PE,1725842542
268,yelovo,57.0538,54.9207,13.49,83,37,0.95,RU,1725842543
269,abqaiq,25.9371,49.6776,27.74,51,0,1.88,SA,1725842544
270,kismayo,-0.3582,42.5454,24.81,85,45,5.36,SO,1725842545
271,palmas,-10.2128,-48.3603,28.93,28,0,3.09,BR,1725842523
272,cabo san lucas,22.8909,-109.9124,33.17,51,100,3.09,MX,1725842395
273,santo augusto,-27.8508,-53.7772,22.91,46,10,3.15,BR,1725842549
274,uberaba,-19.7483,-47.9319,28.32,23,0,4.63,BR,1725842477
275,sofifi,0.7349,127.576,28.94,73,18,2.18,ID,1725842551
276,mossel bay,-34.1831,22.146,8.96,60,87,5.06,ZA,1725842552
277,jinan-gun,35.7917,127.4253,25.5,83,100,0.37,KR,1725842554
278,mount isa,-20.7333,139.5,25.87,36,0,6.69,AU,1725842556
279,saint-joseph,-21.3667,55.6167,20.21,79,19,3.32,RE,1725842557
280,parabel',58.6978,81.4825,11.45,95,100,6.17,RU,1725842558
281,tazacorte,28.629,-17.9293,21.54,88,40,4.12,ES,1725842559
282,al mayadin,35.0209,40.4535,31.04,32,2,2.91,SY,1725842560
283,lorengau,-2.0226,147.2712,28.56,74,37,7.7,PG,1725842561
284,puerto baquerizo moreno,-0.9,-89.6,20.99,87,100,6.06,EC,1725842562
285,minas de marcona,-15.2119,-75.1103,13.07,75,100,4.58,PE,1725842564
286,asau,46.4333,26.4,12.37,47,1,1.78,RO,1725842565
287,tokar,18.4254,37.729,31.72,47,0,1.3,SD,1725842566
288,inarajan village,13.2736,144.7484,32.54,82,95,4.11,GU,1725842567
289,murzuq,25.9155,13.9184,32.15,29,50,2.09,LY,1725842568
290,kegeyli shahar,42.7767,59.6078,14.2,70,0,4.23,UZ,1725842569
291,christchurch,-43.5333,172.6333,17.11,51,40,4.12,NZ,1725842426
292,geraldton,-28.7667,114.6,13.23,82,100,3.6,AU,1725842572
293,wakkanai,45.4094,141.6739,20.99,49,20,1.54,JP,1725842574
294,salinopolis,-0.6136,-47.3561,26.85,77,3,6.13,BR,1725842575
295,afaahiti,-17.75,-149.2833,22.66,68,30,8.29,PF,1725842576
296,novyy urengoy,66.0833,76.6333,0.79,73,82,8.45,RU,1725842579
297,padang,-0.9492,100.3543,25.03,86,52,1.11,ID,1725842283
298,north platte,41.1239,-100.7654,25.77,48,5,5.36,US,1725842581
299,angaur state,6.906,134.13,28.86,76,28,5.0,PW,1725842582
300,bambari,5.768,20.6757,21.72,97,95,0.95,CF,1725842584
301,daru,-9.0763,143.2092,25.43,77,63,5.94,PG,1725842586
302,tomelloso,39.1522,-3.0243,18.19,42,0,1.66,ES,1725842587
303,villa de arista,22.65,-100.8333,22.09,51,0,4.58,MX,1725842588
304,fort-shevchenko,44.5086,50.263,20.56,34,0,7.17,KZ,1725842589
305,zhanjiang,21.2815,110.3427,28.27,88,100,4.95,CN,1725842590
306,rampachodavaram,17.45,81.7667,23.23,96,100,3.48,IN,1725842591
307,stephenville,32.2207,-98.2023,25.07,36,0,2.06,US,1725842594
308,new kingman-butler,35.265,-114.0323,34.94,18,20,4.53,US,1725842595
309,kourou,5.1552,-52.6478,26.44,82,11,4.49,GF,1725842596
310,villa gesell,-37.2639,-56.973,11.18,77,5,4.43,AR,1725842597
311,fortuna,40.5982,-124.1573,20.52,85,0,5.14,US,1725842598
312,spilimbergo,46.1125,12.8969,19.21,79,75,4.63,IT,1725842582
313,robertsport,6.7533,-11.3686,24.9,89,100,5.1,LR,1725842601
314,mili,6.0815,171.735,29.09,74,5,5.88,MH,1725842602
315,port lincoln,-34.7333,135.8667,15.29,61,100,5.83,AU,1725842603
316,annaba,36.9,7.7667,23.98,100,40,2.57,DZ,1725842604
317,valparaiso,-33.0393,-71.6273,13.8,71,0,2.06,CL,1725842404
318,yeniseysk,58.4497,92.1703,9.2,96,100,5.21,RU,1725842606
319,kapa'a,22.0752,-159.319,29.71,63,40,4.63,US,1725842607
320,bikenibeu village,1.3673,173.1241,31.98,66,20,6.17,KI,1725842609
321,richards bay,-28.783,32.0377,16.47,83,100,7.33,ZA,1725842610
322,chibougamau,49.9168,-74.3659,7.79,100,100,3.09,CA,1725842595
323,la palma,33.8464,-118.0467,38.04,32,0,6.69,US,1725842469
324,utete,-7.986,38.758,20.83,93,21,0.33,TZ,1725842613
325,missoula,47.0166,-113.8009,22.14,31,100,6.42,US,1725842587
326,taroa,8.7058,171.2275,28.5,77,15,5.17,MH,1725842616
327,luwingu,-10.2621,29.9271,20.59,44,95,2.47,ZM,1725842617
328,igarka,67.4667,86.5833,0.08,92,100,9.81,RU,1725842618
329,flin flon,54.7682,-101.865,21.21,54,68,3.31,CA,1725842619
330,williams lake,52.1415,-122.1445,31.14,32,75,1.03,CA,1725842534
331,el jadid,33.2549,-8.506,20.61,81,6,4.95,MA,1725842621
332,ben lomond,37.0891,-122.0863,33.91,38,0,1.34,US,1725842622
333,margasari,-7.1,109.0167,28.84,68,35,3.27,ID,1725842624
334,merizo village,13.2658,144.6691,32.31,82,97,3.87,GU,1725842625
335,labrador city,52.9463,-66.9114,11.77,92,75,4.47,CA,1725842626
336,homer,59.6425,-151.5483,13.21,78,100,3.6,US,1725842627
337,coquimbo,-29.9533,-71.3436,11.85,100,0,3.09,CL,1725842142
338,gobabis,-22.45,18.9667,14.26,20,0,3.63,NA,1725842629
339,kidal,18.4411,1.4078,31.15,46,0,2.78,ML,1725842631
340,urengoy,65.9667,78.3667,0.3,80,72,8.11,RU,1725842632
341,petrozavodsk,61.7849,34.3469,7.7,93,0,0.0,RU,1725842633
342,nuriootpa,-34.4833,139.0,15.36,54,0,7.48,AU,1725842634
343,berbera,10.4396,45.0143,32.37,52,6,3.58,SO,1725842635
344,birobidzhan,48.8,132.95,17.22,53,100,0.88,RU,1725842636
345,vorkuta,67.5,64.0,4.81,73,96,5.51,RU,1725842501
346,pacific grove,36.6177,-121.9166,19.82,91,0,4.12,US,1725842639
347,hadibu,12.65,54.0333,25.09,83,27,7.25,YE,1725842640
348,barra de santo antonio,-9.4047,-35.5072,23.6,83,0,6.47,BR,1725842641
349,ghadamis,30.1337,9.5007,33.12,37,33,2.29,LY,1725842642
350,dwarka,22.2394,68.9678,27.38,83,100,4.57,IN,1725842643
351,kerikeri,-35.2268,173.9474,17.02,41,80,3.64,NZ,1725842644
352,vilyuysk,63.7553,121.6247,10.98,78,83,2.48,RU,1725842645
353,kozarska dubica,45.1767,16.8094,21.06,73,100,1.05,BA,1725842647
354,mount pearl,47.5166,-52.7813,18.74,95,75,4.63,CA,1725842648
355,yibin,28.7667,104.6238,27.92,76,50,1.09,CN,1725842649
356,loanda,-8.8368,13.2343,21.0,88,78,1.03,AO,1725842650
357,myskhako,44.6714,37.7433,19.01,74,100,3.07,RU,1725842651
358,sultanah,24.4926,39.5857,33.25,17,0,1.03,SA,1725842652
359,karaj,35.8355,51.0103,17.88,52,0,6.17,IR,1725842653
360,island harbour,50.724,-1.2758,16.63,72,100,2.68,GB,1725842655
361,gastouni,37.85,21.25,25.14,78,20,2.06,GR,1725842656
362,hengchun,22.0042,120.7439,28.98,69,11,2.06,TW,1725842657
363,rudbar,30.15,62.6,22.28,19,0,5.25,AF,1725842658
364,brisas de zicatela,15.8369,-97.0419,29.29,79,100,2.57,MX,1725842659
365,zhezqazghan,47.7833,67.7667,11.48,74,0,4.04,KZ,1725842474
366,cockburn town,21.4612,-71.1419,28.98,84,40,5.14,TC,1725842661
367,somerset,40.5668,-74.5496,16.76,67,0,0.45,US,1725842663
368,uliastay,47.7417,96.8444,3.02,52,0,1.57,MN,1725842664
369,suntar,62.1444,117.6319,9.62,87,100,2.01,RU,1725842665
370,kyzyl,51.7,94.45,10.93,51,96,0.6,RU,1725842666
371,kodinsk,58.6881,99.1844,7.13,94,100,2.75,RU,1725842642
372,laojunmiao,39.8333,97.7333,11.93,44,4,3.13,CN,1725842668
373,rongelap,11.1635,166.8941,28.77,77,59,8.37,MH,1725842669
374,bor,56.3567,44.0669,9.96,70,2,0.75,RU,1725842671
375,fortaleza,-3.7227,-38.5247,27.07,69,0,6.69,BR,1725842395
376,severo-vostotchnyi bank,39.4112,49.2479,22.06,58,48,1.79,AZ,1725842674
377,yozgat,39.5833,35.3333,16.75,66,100,1.08,TR,1725842675
378,tukzar,35.9483,66.4213,11.9,22,0,1.28,AF,1725842676
379,terme,41.2092,36.9739,21.32,87,100,1.87,TR,1725842678
380,bossangoa,6.4926,17.4552,21.86,98,100,1.5,CF,1725842679
381,iskateley,67.6803,53.1512,7.07,75,100,5.03,RU,1725842680
382,gizo,-8.103,156.8419,27.38,73,30,7.08,SB,1725842681
383,lodwar,3.1191,35.5973,28.28,40,100,6.27,KE,1725842682
384,idrinskoye,54.3708,92.1358,9.44,95,100,3.08,RU,1725842683
385,berezovo,63.9381,65.0419,3.42,80,16,1.95,RU,1725842684
386,sparti,37.0733,22.4297,23.3,85,31,1.22,GR,1725842686
387,lukolela,-1.0605,17.1821,21.03,98,100,0.46,CD,1725842687
388,olinda,-8.0089,-34.8553,25.85,83,40,5.66,BR,1725842688
389,saldanha,-33.0117,17.9442,8.03,66,0,7.7,ZA,1725842689
390,badger,64.8,-147.5333,12.21,89,100,2.06,US,1725842690
391,prince rupert,54.3161,-130.3201,14.05,88,20,5.66,CA,1725842691
392,howrah,22.5892,88.3103,28.0,94,40,3.09,IN,1725842692
393,amuntai,-2.4177,115.2494,27.61,82,83,1.16,ID,1725842694
394,san ignacio,17.1561,-89.0714,30.08,74,40,5.14,BZ,1725842695
395,xique xique,-10.8217,-42.7311,25.85,44,0,6.12,BR,1725842696
396,broken hill,-31.95,141.4333,16.44,47,0,3.79,AU,1725842697
397,namtsy,62.7161,129.6658,10.69,63,100,2.34,RU,1725842698
398,revda,56.801,59.9303,11.45,96,7,1.31,RU,1725842699
399,okhotsk,59.3833,143.3,14.26,63,6,2.97,RU,1725842700
400,ashkasham,36.6833,71.5333,6.31,47,0,0.75,AF,1725842702
401,camabatela,-8.1881,15.375,16.34,97,86,1.68,AO,1725842703
402,salamanca,40.8333,-6.0,12.46,65,0,1.68,ES,1725842704
403,dakhla,23.6848,-15.958,20.45,88,100,9.32,EH,1725842705
404,barra do garcas,-15.89,-52.2567,24.91,17,0,1.09,BR,1725842706
405,khandyga,62.6667,135.6,8.56,66,100,2.0,RU,1725842707
406,dryden,49.7833,-92.7503,20.16,60,0,2.06,CA,1725842708
407,bakchar,57.0186,82.0711,10.67,94,100,3.49,RU,1725842710
408,mulayjah,27.271,48.4242,32.07,24,0,3.69,SA,1725842711
409,flying fish cove,-10.4217,105.6791,24.82,94,100,6.69,CX,1725842712
410,fonte boa,-2.4959,-66.2662,26.89,55,0,0.67,BR,1725842713
411,reyes,-14.3167,-67.3833,26.59,34,0,0.33,BO,1725842714
412,neosho,36.869,-94.368,20.99,34,0,3.78,US,1725842715
413,victorica,-36.2151,-65.4359,17.72,43,100,6.48,AR,1725842716
414,happy valley-goose bay,53.3168,-60.3315,14.17,100,100,1.03,CA,1725842718
415,ashland,40.8167,-82.2665,14.99,86,3,2.03,US,1725842439
416,taro,-8.3862,115.28,25.94,70,23,1.17,ID,1725842721
417,kuacjok,8.3002,27.9903,22.13,91,81,1.41,SS,1725842722
418,sinabang,2.4803,96.3801,26.12,77,100,1.93,ID,1725842723
419,ciudad lazaro cardenas,17.9583,-102.2,27.34,82,100,1.41,MX,1725842456
420,uzgen,40.7699,73.3007,15.34,34,100,1.82,KG,1725842726
421,nizhnesortymskiy,62.4397,71.7603,4.82,82,73,3.18,RU,1725842727
422,abashiri,44.0213,144.2697,22.16,56,20,5.14,JP,1725842728
423,saint-philippe,-21.3585,55.7679,21.17,80,9,3.78,RE,1725842729
424,santo antonio,-6.3106,-35.4789,20.99,94,16,4.03,BR,1725842730
425,walvis bay,-22.9575,14.5053,10.3,87,0,2.15,NA,1725842724
426,andkhoy,36.9529,65.1238,15.57,26,0,3.19,AF,1725842732
427,miches,18.9836,-69.0476,27.15,91,100,2.97,DO,1725842734
428,rio grande,-32.035,-52.0986,15.23,89,100,4.84,BR,1725842531
429,santiago de cao,-7.9589,-79.2392,17.07,88,100,3.09,PE,1725842736
430,ciudad bolivar,8.1222,-63.5497,29.71,61,9,0.11,VE,1725842737
431,san luis de la loma,17.2706,-100.8939,26.59,88,100,2.51,MX,1725842738
432,torghay,49.6339,63.4981,13.03,61,3,2.67,KZ,1725842739
433,bambanglipuro,-7.95,110.2833,27.95,70,36,3.05,ID,1725842740
434,al kharijah,25.4514,30.5464,27.73,32,0,1.96,EG,1725842742
435,vilyuchinsk,52.9306,158.4028,14.15,56,100,4.55,RU,1725842743
436,khallikot,19.6167,85.0833,26.44,91,100,2.67,IN,1725842744
437,trubchevsk,52.5798,33.7644,14.3,50,100,2.24,RU,1725842745
438,xinyuan,37.3,99.0,9.47,79,100,1.75,CN,1725842746
439,lalibela,12.0333,39.0333,13.12,77,9,0.72,ET,1725842747
440,hono,57.6897,11.6497,20.69,77,100,5.59,SE,1725842748
441,armacao de buzios,-22.7469,-41.8817,21.57,91,0,7.87,BR,1725842750
442,la'ie,21.6477,-157.9253,30.58,65,2,3.58,US,1725842751
443,panorama,40.5878,23.0315,23.03,66,0,0.45,GR,1725842752
444,puerto colombia,10.9878,-74.9547,25.05,83,100,4.89,CO,1725842753
445,tiffin,41.1145,-83.178,17.19,68,1,3.5,US,1725842754
446,kruisfontein,-34.0033,24.7314,9.51,72,96,1.8,ZA,1725842755
447,miles city,46.4083,-105.8406,32.54,15,0,3.6,US,1725842485
448,guane,22.2025,-84.0875,26.92,85,0,2.21,CU,1725842758
449,tual,-5.6667,132.75,26.4,72,72,8.81,ID,1725842759
450,acarau,-2.8856,-40.12,25.12,83,7,8.65,BR,1725842760
451,hammerfest,70.6634,23.6821,18.25,77,15,4.12,NO,1725842761
452,thannhausen,48.2833,10.4667,14.56,98,100,3.48,DE,1725842762
453,gamba,-2.65,10.0,23.93,90,100,3.79,GA,1725842763
454,toliara,-23.35,43.6667,23.5,61,0,1.22,MG,1725842765
455,horta,38.5333,-28.6333,21.68,84,73,4.47,PT,1725842766
456,kangding,30.0513,101.9603,17.0,96,100,1.74,CN,1725842767
457,pizhou,34.3114,117.9503,26.61,80,14,3.27,CN,1725842768
458,tsiombe,-25.3,45.4833,22.42,65,0,1.42,MG,1725842769
459,kitimat,54.0524,-128.6534,17.05,67,11,4.02,CA,1725842770
460,kapuskasing,49.4169,-82.4331,12.05,62,20,2.06,CA,1725842771
461,bodaybo,57.8506,114.1933,9.25,89,100,0.88,RU,1725842773
462,oneonta,42.4529,-75.0638,12.81,76,0,2.79,US,1725842774
463,papar,5.7333,115.9333,30.0,69,80,1.17,MY,1725842775
464,sorong,-0.8833,131.25,27.82,78,66,5.55,ID,1725842284
465,road town,18.4167,-64.6167,29.02,79,40,5.66,VG,1725842777
466,lake albert,-35.1667,147.3833,14.36,73,52,1.79,AU,1725842778
467,yuzhno-kurilsk,44.0306,145.8556,18.46,69,0,6.63,RU,1725842779
468,mangrol,21.1167,70.1167,26.65,85,78,4.16,IN,1725842781
469,sao vicente,-23.9631,-46.3919,23.49,65,0,1.05,BR,1725842782
470,katsuren-haebaru,26.3369,127.8719,26.21,90,20,8.23,JP,1725842783
471,new plymouth,-39.0667,174.0833,14.89,100,2,5.59,NZ,1725842784
472,dipayal,29.2608,80.94,23.85,93,7,1.25,NP,1725842785
473,kabalo,-6.05,26.9167,28.78,37,87,2.36,CD,1725842786
474,maracaju,-21.6144,-55.1683,29.67,20,100,2.52,BR,1725842788
475,bhimunipatnam,17.8833,83.4333,24.73,95,100,4.82,IN,1725842789
476,tateyama,34.9833,139.8667,28.5,77,1,2.92,JP,1725842698
477,bowen,-20.0167,148.2333,23.92,60,2,4.59,AU,1725842792
478,port douglas,-16.4833,145.4667,24.85,69,57,5.35,AU,1725842793
479,arteaga,18.4667,-102.4167,21.42,99,93,1.58,MX,1725842794
480,kununurra,-15.7667,128.7333,31.99,45,4,5.66,AU,1725842619
481,basoko,1.2391,23.616,22.27,92,91,0.41,CD,1725842797
482,cidreira,-30.1811,-50.2056,16.38,99,62,2.42,BR,1725842798
483,dondo,-19.6094,34.7431,19.73,70,5,2.05,MZ,1725842799
484,mizque,-17.941,-65.3402,16.18,60,0,1.87,BO,1725842801
485,mount pleasant,32.7941,-79.8626,20.0,97,100,4.12,US,1725842627
486,kailua-kona,19.6406,-155.9956,27.93,81,29,0.89,US,1725842804
487,hinton,53.4001,-117.5857,25.58,32,29,3.66,CA,1725842805
488,tralee,52.2704,-9.7026,11.18,74,100,4.14,IE,1725842806
489,cill airne,52.05,-9.5167,11.63,71,100,3.35,IE,1725842807
490,lobito,-12.3481,13.5456,20.01,87,50,0.99,AO,1725842809
491,el charco,2.4769,-78.1105,25.29,86,100,1.59,CO,1725842811
492,puerto cabezas,14.0351,-83.3888,26.75,86,0,2.22,NI,1725842812
493,katsuura,35.1333,140.3,27.87,80,0,3.44,JP,1725842813
494,guiratinga,-16.3494,-53.7583,25.11,16,8,2.21,BR,1725842814
495,champerico,14.3,-91.9167,27.29,83,98,4.27,GT,1725842815
496,jumla,29.2747,82.1838,14.04,88,15,1.09,NP,1725842816
497,slobozia,46.7281,29.7078,17.01,38,0,1.47,MD,1725842817
498,aripuana,-9.1667,-60.6333,27.57,27,4,1.11,BR,1725842819
499,midvagur,62.0511,-7.1939,9.46,81,75,2.06,FO,1725842820
500,kulhudhuffushi,6.6221,73.07,27.65,78,100,4.05,MV,1725842821
501,lisakovsk,52.5369,62.4936,14.83,82,85,3.64,KZ,1725842822
502,cabedelo,-6.9811,-34.8339,24.37,85,19,6.8,BR,1725842823
503,san antonio oeste,-40.7319,-64.9477,15.0,35,57,5.18,AR,1725842824
504,amble,55.3333,-1.5833,12.08,100,100,6.69,GB,1725842825
505,aykhal,66.0,111.5,6.07,81,100,6.69,RU,1725842827
506,mwene-ditu,-7.0,23.45,25.75,50,100,2.95,CD,1725842828
507,peterhead,57.5058,-1.7981,12.15,75,100,8.99,GB,1725842829
508,barrouallie,13.2333,-61.2667,27.79,84,40,0.0,VC,1725842830
509,coulommiers,48.8145,3.085,15.82,96,99,4.15,FR,1725842706
510,nahiyat ash shinafiyah,31.5874,44.6602,35.42,14,0,2.95,IQ,1725842832
511,viamao,-30.0811,-51.0233,17.45,93,75,4.12,BR,1725842688
512,bamboo flat,11.7,92.7167,28.05,83,75,5.14,IN,1725842835
513,torquay,50.4638,-3.5143,15.4,87,25,0.45,GB,1725842836
514,tolanaro,-25.0319,46.9987,20.04,94,0,5.14,MG,1725842837
515,hakha,22.65,93.6167,19.75,96,100,0.77,MM,1725842838
516,xilin hot,43.9667,116.0333,20.57,79,100,7.3,CN,1725842839
517,dhidhdhoo,6.8833,73.1,27.81,76,100,4.29,MV,1725842840
518,wotho,10.1657,166.0102,28.91,74,100,7.76,MH,1725842841
519,chernyshevskiy,63.0128,112.4714,7.59,89,100,2.58,RU,1725842843
520,la sarre,48.8002,-79.1996,8.03,62,82,4.81,CA,1725842827
521,fort st. john,56.2499,-120.8529,13.94,72,100,5.14,CA,1725842705
522,turmalina,-17.2856,-42.73,18.91,58,0,2.16,BR,1725842846
523,sinop,41.7711,34.8709,15.87,94,0,0.54,TR,1725842847
524,nikolayevsk-on-amure,53.1406,140.73,14.85,49,18,4.35,RU,1725842848
525,thisted,56.9552,8.6949,16.78,93,100,3.86,DK,1725842849
526,dalnegorsk,44.5604,135.5701,24.52,56,0,0.94,RU,1725842851
527,mbandaka,0.0487,18.2603,21.19,99,100,1.2,CD,1725842852
528,bac lieu,9.285,105.7244,28.2,76,63,4.67,VN,1725842853
529,tlanchinol,20.9833,-98.65,18.32,82,100,1.08,MX,1725842854
530,nema,57.5067,50.5011,13.14,71,100,0.5,RU,1725842855
531,tongliao,43.6125,122.2653,24.32,72,63,9.07,CN,1725842856
532,kyzyl-suu,42.3414,78.0056,11.82,52,100,0.43,KG,1725842858
533,yerofey pavlovich,53.9667,121.9667,12.27,64,100,3.55,RU,1725842859
534,jeddah,21.5169,39.2192,31.92,45,0,3.09,SA,1725842860
535,agenebode,7.106,6.6966,23.5,97,100,1.45,NG,1725842861
536,makokou,0.5738,12.8642,21.64,97,100,1.14,GA,1725842862
537,yingkou,40.6648,122.2283,23.44,73,97,4.83,CN,1725842863
538,greenville,35.6127,-77.3663,18.4,90,100,0.0,US,1725842587
539,egilsstadir,65.2653,-14.3948,3.95,70,75,2.57,IS,1725842866
540,miyako,39.6367,141.9525,26.02,56,100,1.45,JP,1725842867
541,samarinda,-0.5,117.15,27.51,85,100,1.18,ID,1725842868
542,taiobeiras,-15.8078,-42.2331,18.14,53,4,3.43,BR,1725842869
543,meulaboh,4.1363,96.1285,24.89,82,100,2.52,ID,1725842870
544,kone,-21.0595,164.8658,24.45,49,93,3.42,NC,1725842871
545,xiulin,29.7167,112.4,30.97,61,3,2.4,CN,1725842872
546,sao paulo de olivenca,-3.3783,-68.8725,28.38,47,2,1.37,BR,1725842874
547,pandan,14.0453,124.1694,28.0,83,100,2.69,PH,1725842875
548,shiraz,29.6036,52.5388,21.69,24,0,2.06,IR,1725842876
549,verkhneyarkeyevo,55.4505,54.3145,17.34,75,36,1.35,RU,1725842877
550,esquel,-42.9,-71.3167,3.63,91,100,3.23,AR,1725842661
551,lagos,6.5833,3.75,23.67,94,13,1.62,NG,1725842544
552,ximeicun,24.9639,118.3794,28.73,77,1,1.15,CN,1725842883
553,talcahuano,-36.7167,-73.1167,10.82,76,0,4.12,CL,1725842884
554,leh,34.1667,77.5833,10.42,56,24,2.01,IN,1725842886
555,colac,-38.3333,143.5833,10.97,80,100,4.45,AU,1725842888
556,yarmouth,41.7057,-70.2286,17.29,62,0,4.02,US,1725842889
557,madison,34.7334,-86.5667,21.34,45,0,3.09,US,1725842846
558,jiayuguan,39.8167,98.3,13.95,36,2,1.81,CN,1725842891
559,nouadhibou,20.931,-17.0347,21.99,83,98,6.17,MR,1725842892
560,sandnessjoen,66.0217,12.6316,16.33,79,90,9.1,NO,1725842832
561,sao joao da barra,-21.6403,-41.0511,23.05,87,0,7.06,BR,1725842894
562,nicoya,10.1483,-85.452,24.08,96,100,0.72,CR,1725842896
563,luanda,-8.8368,13.2343,21.0,88,78,1.03,AO,1725842897
564,scottburgh,-30.2867,30.7532,14.86,80,100,8.86,ZA,1725842898
565,san adrian,42.3465,-1.9226,14.61,76,0,3.41,ES,1725842899
566,brezina,33.0989,1.2608,23.98,70,77,1.95,DZ,1725842900
567,tambacounda,13.7539,-13.7586,27.03,100,40,1.03,SN,1725842901
568,tofol,5.3248,163.0078,28.88,74,100,1.54,FM,1725842903
